persona,category
Aggressive/Ambitious,0.32744491915447627
Calculated/Strategic,1.0123142790419382
Generic Human,0.14144054254182067
Passive/Agreeable,0.8812908992306927
